{
    "locations": [
        {
            "title": " Choose location on map",
            "coords": "1000,1000",
            "utc": "0.0",
            "tz": "None"
        },
        {
            "title": " My Location",
            "coords": "2000,2000",
            "utc": "0.0",
            "tz": "None"
        },
        {
            "title": "Agra, Taj Mahal, Indien",
            "coords": "27.1751448, 78.042142",
            "utc": "5.5",
            "tz": "Asia/Kolkata"
        },
        {
            "title": "Angkor Wat, Krong Siem Reap, Kambodscha",
            "coords": "13.4123311, 103.86708",
            "utc": "7.0",
            "tz": "Asia/Phnom_Penh"
        },
        {
            "title": "Australien, Tasmania, Port Arthur, Convict Church",
            "coords": "-43.1456079, 147.8481",
            "utc": "10.0",
            "tz": "Australia/Hobart"
        },
        {
            "title": "Ayers Rock, Uluru, Petermann Northern Territory 0872, Australien",
            "coords": "-25.3434853, 131.0377",
            "utc": "9.5",
            "tz": "Australia/Darwin"
        },
        {
            "title": "Bajterek-Turm, \u0411\u0430\u0439\u0442\u0435\u0440\u0435\u043a, Nur-Sultan 010000, Kasachstan",
            "coords": "51.128312, 71.4305139",
            "utc": "6.0",
            "tz": "Asia/Almaty"
        },
        {
            "title": "Berlin, Brandenburger Tor, Deutschland",
            "coords": "52.516272,13.377722",
            "utc": "1",
            "tz": "Europe/Berlin"
        },
        {
            "title": "Capri, Hafen, Italien",
            "coords": "40.5561039, 14.24024",
            "utc": "1.0",
            "tz": "Europe/Rome"
        },
        {
            "title": "Central Park, Manhattan, New York City, USA",
            "coords": "40.7815513, -73.96581",
            "utc": "-5.0",
            "tz": "America/New_York"
        },
        {
            "title": "Fuji, Kitayama, Fujinomiya, Pr\u00e4fektur Shizuoka 418-0112, Japan",
            "coords": "35.3640833, 138.73006",
            "utc": "9.0",
            "tz": "Asia/Tokyo"
        },
        {
            "title": "Fukushima, Kernkraftwerk, Japan",
            "coords": "37.3165693, 141.02494",
            "utc": "9",
            "tz": "Asia/Tokyo"
        },
        {
            "title": "Gizeh, Pyramide, \u00c4gypten",
            "coords": "29.9791953,31.1342444",
            "utc": "2",
            "tz": "Africa/Cairo"
        },
        {
            "title": "Guelb er Richat, Ouad\u00e2ne, Mauretanien",
            "coords": "21.130093, -11.40401",
            "utc": "0.0",
            "tz": "Africa/Nouakchott"
        },
        {
            "title": "Hamburg, Elbphilharmonie, Deutschland",
            "coords": "53.5413635, 9.9841304",
            "utc": "1.0",
            "tz": "Europe/Berlin"
        },
        {
            "title": "Hanoi, Kommunistisches ZK-B\u00fcro, Vietnam",
            "coords": "21.0400028, 105.83716",
            "utc": "7.0",
            "tz": "Asia/Bangkok"
        },
        {
            "title": "Hawaii, Ko Olina Golf Club, USA",
            "coords": "21.3401977, -158.1191",
            "utc": "-10.0",
            "tz": "Pacific/Honolulu"
        },
        {
            "title": "Hollywood Sign, Los Angeles, CA 90068, Vereinigte Staaten, USA",
            "coords": "34.1341533, -118.3215",
            "utc": "-8.0",
            "tz": "America/Los_Angeles"
        },
        {
            "title": "Indischer Ozean, Malediven",
            "coords": "5.0119969, 72.9532255",
            "utc": "5.0",
            "tz": "Indian/Maldives"
        },
        {
            "title": "Into the Wild Bus, Alaska",
            "coords": "63.8682942, -149.7690311",
            "utc": "-9",
            "tz": "America/Anchorage"
        },
        {
            "title": "Itapu\u00e3, Salvador - Bahia, 41630-240, Brasilien",
            "coords": "-12.9570375, -38.3537",
            "utc": "-3.0",
            "tz": "America/Bahia"
        },
        {
            "title": "John Travoltas Haus, 8720 NE 16th Terrace, Ocala, FL 34479, USA",
            "coords": "29.2784228, -82.11682",
            "utc": "-5",
            "tz": "America/New_York"
        },
        {
            "title": "Kehl, Minram Br\u00fccke, Deutschland",
            "coords": "48.5691253, 7.8035676",
            "utc": "1",
            "tz": "Europe/Berlin"
        },
        {
            "title": "Keutschach, Pyramidenkogel, \u00d6sterreich",
            "coords": "46.609066, 14.145058",
            "utc": "1.0",
            "tz": "Europe/Vienna"
        },
        {
            "title": "London, Buckingham Palace, England, UK",
            "coords": "51.501364, -0.14189",
            "utc": "0",
            "tz": "Europe/London"
        },
        {
            "title": "Machu Picchu, 08680, Peru",
            "coords": "-13.1630287, -72.5446",
            "utc": "-5.0",
            "tz": "America/Lima"
        },
        {
            "title": "Mar-a-Lago, 1100 S Ocean Blvd, Palm Beach, FL 33480, Vereinigte Staaten, USA",
            "coords": "26.6771574, -80.03709",
            "utc": "-5.0",
            "tz": "America/New_York"
        },
        {
            "title": "Marine Sifredi, Corso C. Cavour, 09014 Carloforte SU, Italien",
            "coords": "39.1486103, 8.3097011",
            "utc": "1.0",
            "tz": "Europe/Rome"
        },
        {
            "title": "Mazar-i-Sharif, Ali-Mausoleum, Afghanistan",
            "coords": "36.7090407, 67.110802",
            "utc": "4.5",
            "tz": "Asia/Kabul"
        },
        {
            "title": "Monument of Akhal-Teke horses, \u041f\u0430\u043c\u044f\u0442\u043d\u0438\u043a \u0442\u0443\u0440\u043a\u043c\u0435\u043d\u0441\u043a\u043e\u043c\u0443 \u0441\u043a\u0430\u043a\u0443\u043d\u0443, \u0622\u06cc\u0647\u200c\u0627\u06cc k\u00f6\u00e7esi\u060c Ashgabat, Turkmenistan\u202d",
            "coords": "37.9383023, 58.378108",
            "utc": "5.0",
            "tz": "Asia/Ashgabat"
        },
        {
            "title": "Monument of the Martyr, Chemin Omar Kechkar, Algiers, Algerien",
            "coords": "36.7456482, 3.0697807",
            "utc": "1.0",
            "tz": "Africa/Algiers"
        },
        {
            "title": "N'Djamena, Tschad, Kreisverkehr",
            "coords": "12.116228, 15.0326702",
            "utc": "1",
            "tz": "Africa/Ndjamena"
        },
        {
            "title": "Namibe, Verkehrsknoten",
            "coords": "-15.2006283, 12.1434446",
            "utc": "1.0",
            "tz": "Africa/Libreville"
        },
        {
            "title": "New York, Freiheitsstatue, USA",
            "coords": "40.6892372, -74.0445501",
            "utc": "-5.0",
            "tz": "America/New_York"
        },
        {
            "title": "North Sentinel Island, Andamanen und Nikobaren",
            "coords": "11.5571669, 92.241591",
            "utc": "5.5",
            "tz": "Asia/Kolkata"
        },
        {
            "title": "Osborne House, York Ave, East Cowes PO32 6JX, Vereinigtes K\u00f6nigreich, UK",
            "coords": "50.7507544, -1.269573",
            "utc": "0.0",
            "tz": "Europe/London"
        },
        {
            "title": "Paris, Eiffel Tower, Frankreich",
            "coords": "48.858222, 2.2945",
            "utc": "1.0",
            "tz": "Europe/Paris"
        },
        {
            "title": "Parliament Building, Ulaanbaatar, Mongolei",
            "coords": "47.9205502, 106.9172",
            "utc": "8.0",
            "tz": "Asia/Ulaanbaatar"
        },
        {
            "title": "Peking, Verbotene Stadt, China",
            "coords": "39.918704, 116.390604",
            "utc": "8.0",
            "tz": "Asia/Shanghai"
        },
        {
            "title": "Puerto Rico, Festung San Felipe del Morro",
            "coords": "18.4710002, -66.12388",
            "utc": "-4.0",
            "tz": "America/Puerto_Rico"
        },
        {
            "title": "Py\u00f6nyang, Nordkorea, Denkmal zur Wiedervereinigung",
            "coords": "38.9643615, 125.7156686",
            "utc": "9.0",
            "tz": "Asia/Pyongyang"
        },
        {
            "title": "Py\u00f6nyang, Nordkorea, Mansudae Denkmal",
            "coords": "39.0321674, 125.7532077",
            "utc": "9.0",
            "tz": "Asia/Pyongyang"
        },
        {
            "title": "Rosenkranzkirche, Lindenpl. 4, 9082 Maria W\u00f6rth, \u00d6sterreich",
            "coords": "46.6178168, 14.163588",
            "utc": "1.0",
            "tz": "Europe/Vienna"
        },
        {
            "title": "Salisbury, Stonehenge, England, UK",
            "coords": "51.1789017, -1.82623",
            "utc": "0.0",
            "tz": "Europe/London"
        },
        {
            "title": "San Francisco, Golden Gate Bridge, USA",
            "coords": "37.8138651, -122.4776",
            "utc": "-8.0",
            "tz": "America/Los_Angeles"
        },
        {
            "title": "Santiago, Regi\u00f3n Metropolitana de Santiago, Chile",
            "coords": "-33.4625866, -70.6614",
            "utc": "-4.0",
            "tz": "America/Santiago"
        },
        {
            "title": "Shanghai, Pudong \u6d66\u6771, China",
            "coords": "31.2373231, 121.50273",
            "utc": "8.0",
            "tz": "Asia/Shanghai"
        },
        {
            "title": "Skarsvag, Polarkreis, Norwegen",
            "coords": "71.1133307, 25.8288316",
            "utc": "1.0",
            "tz": "Europe/Berlin"
        },
        {
            "title": "Spitzbergen, Campingplatz, Norwegen",
            "coords": "78.2491304, 15.498228",
            "utc": "1.0",
            "tz": "Arctic/Longyearbyen"
        },
        {
            "title": "Statue of Unity, Narmada, Gujarat 393155, Indien",
            "coords": "21.8379015, 73.719111",
            "utc": "5.5",
            "tz": "Asia/Kolkata"
        },
        {
            "title": "Stockholm, Schloss Drottningholm, Schweden",
            "coords": "59.321701,17.886753",
            "utc": "1",
            "tz": "Europe/Berlin"
        },
        {
            "title": "Sydney, Opernhaus, Australien",
            "coords": "-33.8567527, 151.2153047",
            "utc": "10.0",
            "tz": "Australia/Sydney"
        },
        {
            "title": "S\u00fcdfrankreich, George Clooneys Haus",
            "coords": "43.4654229, 6.0195993",
            "utc": "1.0",
            "tz": "Europe/Paris"
        },
        {
            "title": "The Grand Kremlin Palace, Moscow, Russland, 119072",
            "coords": "55.7499654, 37.615632",
            "utc": "3.0",
            "tz": "Europe/Moscow"
        },
        {
            "title": "The Palm Jumeirah - Dubai - Vereinigte Arabische Emirate",
            "coords": "25.1193461, 55.132873",
            "utc": "4.0",
            "tz": "Asia/Dubai"
        },
        {
            "title": "Tokyo Tower, 4 Chome-2-8 Shibakoen, Minato City, Tokyo 105-0011, Japan",
            "coords": "35.6587062, 139.74555",
            "utc": "9.0",
            "tz": "Asia/Tokyo"
        },
        {
            "title": "Tschernobyl, AKW",
            "coords": "51.3815625, 30.119312",
            "utc": "2.0",
            "tz": "Europe/Kiev"
        },
        {
            "title": "Wien, Schloss Belvedere, \u00d6sterreich",
            "coords": "48.1922748, 16.380777",
            "utc": "1.0",
            "tz": "Europe/Vienna"
        },
        {
            "title": "Yakutskaya Gres-2, Yakutsk, Sakha Republic, Russland, 677008",
            "coords": "62.0535602, 129.63139",
            "utc": "9.0",
            "tz": "Asia/Yakutsk"
        },
        {
            "title": "\u0e1e\u0e23\u0e30\u0e1e\u0e38\u0e17\u0e18\u0e23\u0e39\u0e1b\u0e1b\u0e32\u0e07\u0e21\u0e32\u0e23\u0e27\u0e34\u0e0a\u0e31\u0e22, Khlong Phra Udom, Pak Kret District, Thailand",
            "coords": "13.9159644, 100.48495",
            "utc": "7.0",
            "tz": "Asia/Bangkok"
        }
    ]
}